Date,Open,High,Low,Close,Volume
20-Oct-17,115.66,115.96,114.84,115.17,324047
19-Oct-17,114.76,115.60,114.17,115.35,498602
18-Oct-17,114.58,114.94,114.01,114.70,264321
17-Oct-17,114.02,114.50,113.81,114.23,171888
16-Oct-17,113.77,114.61,112.94,114.07,265098
13-Oct-17,112.75,113.17,111.90,112.92,250821
12-Oct-17,112.65,113.83,112.35,112.59,428894
11-Oct-17,111.74,112.36,111.74,112.26,7934
10-Oct-17,110.82,111.84,110.82,111.80,246651
9-Oct-17,110.57,110.82,109.50,110.46,221350
6-Oct-17,109.91,110.59,109.27,109.90,207181
5-Oct-17,109.72,110.52,109.02,110.12,373130
4-Oct-17,109.30,109.74,108.78,109.58,268828
3-Oct-17,108.92,109.42,108.61,109.32,293937
2-Oct-17,108.05,109.00,107.99,108.93,443420
29-Sep-17,106.94,108.41,106.84,108.02,330920
28-Sep-17,106.90,107.34,106.47,106.93,295185
27-Sep-17,105.96,107.31,105.89,107.03,297801
26-Sep-17,105.82,106.19,105.00,105.43,328796
25-Sep-17,105.24,106.32,104.45,105.84,251177
22-Sep-17,105.52,105.83,104.30,105.51,428696
21-Sep-17,105.68,105.97,105.22,105.38,229597
20-Sep-17,105.58,106.48,105.13,105.80,571137
19-Sep-17,107.25,107.32,105.52,105.68,404609
18-Sep-17,106.35,107.47,105.87,107.29,401166
15-Sep-17,106.02,106.53,105.32,106.02,572862
14-Sep-17,107.36,108.22,106.07,106.31,489499
13-Sep-17,109.16,109.42,107.39,107.53,552818
12-Sep-17,108.66,109.26,108.06,109.26,462360
11-Sep-17,108.93,108.93,107.86,108.57,493633
8-Sep-17,108.71,109.59,108.07,108.18,485240
7-Sep-17,108.25,109.27,107.31,109.25,353591
6-Sep-17,108.15,108.27,106.84,107.86,450896
5-Sep-17,107.95,108.91,106.90,107.45,357127
1-Sep-17,108.93,109.38,108.08,108.22,326677
31-Aug-17,107.07,108.85,107.07,108.80,396951
30-Aug-17,106.21,107.39,105.94,106.80,347542
29-Aug-17,105.86,106.64,105.66,106.43,469149
28-Aug-17,105.27,106.44,105.10,105.81,346540
25-Aug-17,105.33,106.19,104.97,105.03,428326
24-Aug-17,103.82,105.42,103.52,104.99,266400
23-Aug-17,103.65,104.90,103.42,103.66,569025
22-Aug-17,101.37,104.09,101.18,103.98,406203
21-Aug-17,99.97,101.38,99.83,101.21,315300
18-Aug-17,99.43,100.42,98.90,99.98,321047
17-Aug-17,99.29,100.63,98.42,99.71,439360
16-Aug-17,99.04,100.00,99.01,99.38,299842
15-Aug-17,98.25,99.19,97.97,98.58,210665
14-Aug-17,98.31,98.52,96.83,98.15,264797
11-Aug-17,96.38,99.04,96.20,97.97,499107
10-Aug-17,98.28,98.89,96.64,96.72,653010
9-Aug-17,97.66,98.93,94.15,98.36,529181
8-Aug-17,99.60,100.68,98.19,98.36,447724
7-Aug-17,99.60,99.90,98.90,99.60,372703
4-Aug-17,99.87,99.97,99.20,99.53,208349
3-Aug-17,99.25,99.67,98.81,99.50,310583
2-Aug-17,99.11,99.86,98.59,99.53,227611
1-Aug-17,98.84,98.97,97.72,98.87,344921
31-Jul-17,-,-,-,98.20,347162
28-Jul-17,98.42,98.73,96.08,97.53,445634
27-Jul-17,99.61,99.81,98.21,98.44,317448
26-Jul-17,100.30,100.68,99.16,99.44,367745
25-Jul-17,101.57,101.70,99.96,100.19,442827
24-Jul-17,101.16,102.10,101.05,101.72,172453
21-Jul-17,101.03,101.83,100.57,101.16,137343
20-Jul-17,100.46,101.24,100.30,101.10,173680
19-Jul-17,100.15,100.46,99.07,100.13,220500
18-Jul-17,100.75,100.75,99.33,99.69,226562
17-Jul-17,100.88,101.59,100.26,100.70,158196
14-Jul-17,100.82,101.24,100.28,100.56,160733
13-Jul-17,100.22,100.98,98.55,100.65,263670
12-Jul-17,99.86,101.03,98.07,99.97,247857
11-Jul-17,99.28,100.52,99.04,99.39,233412
10-Jul-17,100.13,100.20,98.72,99.25,316786
7-Jul-17,99.86,100.50,99.79,100.25,224675
6-Jul-17,100.53,100.85,99.16,99.26,316326
5-Jul-17,101.24,101.81,100.70,101.23,309771
3-Jul-17,101.61,101.61,100.62,101.06,136100
30-Jun-17,101.89,101.89,100.73,101.15,288042
29-Jun-17,101.50,102.32,100.78,101.54,384771
28-Jun-17,100.34,101.69,100.24,101.20,197836
27-Jun-17,100.64,101.27,99.59,99.90,302828
26-Jun-17,100.49,101.20,99.60,100.63,205515
23-Jun-17,100.35,100.98,99.95,100.29,434152
22-Jun-17,99.62,101.23,98.92,100.41,417719
21-Jun-17,99.25,99.82,98.97,99.46,423537
20-Jun-17,97.54,99.50,97.07,99.10,612332
19-Jun-17,96.00,97.92,95.98,97.75,343576
16-Jun-17,95.46,95.83,95.14,95.76,525918
15-Jun-17,94.21,95.16,94.14,95.15,231032
14-Jun-17,94.56,94.96,93.96,94.80,331520
13-Jun-17,93.95,94.64,93.71,94.14,189799
12-Jun-17,94.12,94.39,92.67,93.53,298033
9-Jun-17,95.32,95.83,94.03,94.23,539882
8-Jun-17,93.40,95.41,93.10,95.19,391836
7-Jun-17,93.18,93.89,92.82,93.50,228160
6-Jun-17,93.59,93.65,92.55,93.07,254634
5-Jun-17,93.63,94.00,93.00,93.61,170993
2-Jun-17,93.75,94.07,93.29,93.72,195598
1-Jun-17,92.53,93.66,92.28,93.45,266045
31-May-17,91.98,92.38,91.47,92.05,216443
30-May-17,92.65,92.96,91.57,91.79,303466
26-May-17,92.22,93.08,92.18,92.60,195100
25-May-17,91.72,92.91,91.33,92.26,215586
24-May-17,90.60,92.04,90.29,91.70,254720
23-May-17,90.87,90.96,90.21,90.62,184361
22-May-17,89.61,90.97,89.37,90.39,497746
19-May-17,89.56,90.05,88.86,89.60,218973
18-May-17,88.61,89.58,87.92,89.40,309450
17-May-17,89.47,89.66,88.38,88.48,303810
16-May-17,89.93,90.32,89.36,90.19,333250
15-May-17,88.19,89.93,88.14,89.63,364001
12-May-17,88.43,88.91,87.72,88.28,565456
11-May-17,89.99,90.02,87.44,88.23,811962
10-May-17,87.28,90.51,86.97,90.22,1038205
9-May-17,91.68,92.61,91.08,91.70,728439
8-May-17,90.34,91.88,89.74,91.52,559524
5-May-17,90.69,90.80,90.11,90.59,261755
4-May-17,90.47,90.98,89.82,90.49,310440
3-May-17,90.38,90.95,89.19,90.03,238890
2-May-17,90.26,90.86,89.60,90.36,384903
1-May-17,89.99,90.83,89.24,90.43,750533
28-Apr-17,89.45,89.77,89.03,89.70,263123
27-Apr-17,88.61,90.14,88.37,89.62,295591
26-Apr-17,88.72,89.70,88.26,88.31,407909
25-Apr-17,89.11,89.52,86.66,88.37,536183
24-Apr-17,89.81,89.83,88.98,89.01,293952
21-Apr-17,89.26,89.33,88.11,88.83,851417
20-Apr-17,88.85,89.82,88.15,89.34,180874
19-Apr-17,87.87,89.36,87.65,88.50,314740
18-Apr-17,87.52,87.99,87.00,87.69,182155
17-Apr-17,87.61,88.22,87.34,87.98,192689
13-Apr-17,87.25,87.99,86.60,87.38,232198
12-Apr-17,87.41,87.94,86.65,87.09,149427
11-Apr-17,87.03,87.67,86.66,87.59,188775
10-Apr-17,87.56,88.01,86.95,87.12,229336
7-Apr-17,87.37,87.85,86.44,87.49,315812
6-Apr-17,87.61,87.78,86.80,87.75,254761
5-Apr-17,88.54,89.19,87.43,87.52,460347
4-Apr-17,89.31,89.60,88.04,88.10,346626
3-Apr-17,89.81,90.59,89.33,89.47,278966
31-Mar-17,89.53,90.51,89.27,89.95,286949
30-Mar-17,89.36,89.97,89.08,89.62,254397
29-Mar-17,89.30,89.75,88.56,89.43,244668
28-Mar-17,88.81,89.54,88.30,89.36,533103
27-Mar-17,87.72,88.68,87.56,88.45,259837
24-Mar-17,87.97,88.98,87.76,88.11,243865
23-Mar-17,88.42,88.81,87.75,87.81,176529
22-Mar-17,88.25,89.03,87.68,88.45,218692
21-Mar-17,89.35,89.77,87.88,88.12,588473
20-Mar-17,90.00,90.15,88.92,89.19,245309
17-Mar-17,89.18,90.27,88.82,90.00,541690
16-Mar-17,90.89,91.25,88.76,89.39,687310
15-Mar-17,89.76,91.57,89.75,91.40,618321
14-Mar-17,89.11,89.91,88.53,89.50,345187
13-Mar-17,89.54,89.93,88.68,89.16,223169
10-Mar-17,89.51,89.99,88.84,89.54,557047
9-Mar-17,88.49,89.64,88.49,89.01,388178
8-Mar-17,87.12,89.40,86.25,88.88,410678
7-Mar-17,86.72,88.28,86.72,88.12,545429
6-Mar-17,87.55,88.62,87.17,87.50,349444
3-Mar-17,87.52,88.46,86.96,88.04,350083
2-Mar-17,87.30,87.98,86.94,87.59,362988
1-Mar-17,87.64,88.97,87.24,87.48,378634
28-Feb-17,88.62,89.26,86.83,86.97,671827
27-Feb-17,87.81,89.73,87.81,89.54,460503
24-Feb-17,87.65,88.07,87.06,88.05,292732
23-Feb-17,88.49,88.63,87.34,87.81,288087
22-Feb-17,88.06,88.51,87.43,87.93,285888
21-Feb-17,88.60,89.00,87.93,88.40,267568
17-Feb-17,88.25,89.12,87.82,88.50,273627
16-Feb-17,88.32,88.60,87.43,88.41,471786
15-Feb-17,88.99,89.44,87.74,88.72,625852
14-Feb-17,86.49,89.58,85.00,88.95,1207159
13-Feb-17,83.33,83.79,81.81,82.47,772685
10-Feb-17,84.00,84.00,82.92,83.34,403231
9-Feb-17,82.69,83.71,82.39,83.60,339528
8-Feb-17,82.30,82.95,81.56,82.49,368017
7-Feb-17,82.39,82.61,81.46,82.58,289566
6-Feb-17,82.20,82.47,81.36,81.99,171340
3-Feb-17,82.05,82.67,81.32,82.43,228658
2-Feb-17,81.31,82.00,80.74,81.86,288450
1-Feb-17,80.78,82.03,80.20,81.92,420095
31-Jan-17,77.93,80.99,77.66,80.80,287596
30-Jan-17,78.00,78.98,77.61,78.38,292349
27-Jan-17,78.77,79.33,78.70,79.05,400900
26-Jan-17,79.87,79.94,78.82,78.84,326832
25-Jan-17,79.74,79.95,79.14,79.86,1011915
24-Jan-17,79.65,79.65,78.25,79.28,219025
23-Jan-17,79.63,80.10,78.98,79.42,460668
20-Jan-17,79.89,80.20,79.24,79.86,440478
19-Jan-17,79.85,80.19,78.51,80.07,382245
18-Jan-17,80.05,80.42,79.08,80.02,425672
17-Jan-17,79.95,80.07,78.60,79.79,514228
13-Jan-17,80.93,81.46,80.30,80.54,288957
12-Jan-17,79.74,80.75,78.84,80.74,490611
11-Jan-17,81.15,81.15,79.44,80.00,421233
10-Jan-17,81.00,82.89,81.00,81.30,357222
9-Jan-17,81.03,81.34,80.21,80.60,362883
6-Jan-17,80.28,81.02,80.17,80.83,443814
5-Jan-17,79.32,81.00,78.62,80.56,883551
4-Jan-17,77.34,79.67,77.31,79.32,752848
3-Jan-17,76.70,76.78,75.25,76.53,402106
30-Dec-16,76.04,76.63,75.66,76.19,351524
29-Dec-16,75.74,76.10,75.55,76.08,176495
28-Dec-16,76.15,76.22,75.27,75.60,198692
27-Dec-16,75.71,76.34,75.42,76.04,179293
23-Dec-16,74.49,75.90,74.46,75.70,222218
22-Dec-16,74.77,75.01,73.81,74.38,327107
21-Dec-16,75.66,75.66,74.46,74.60,387086
20-Dec-16,75.36,76.05,75.10,75.49,379792
19-Dec-16,75.50,76.33,74.49,74.96,475748
16-Dec-16,76.90,77.30,75.52,75.74,948132
15-Dec-16,75.66,76.67,75.50,76.50,302625
14-Dec-16,75.60,77.10,75.08,75.64,567835
13-Dec-16,75.52,75.59,74.62,75.44,409124
12-Dec-16,73.70,75.29,73.13,75.06,490282
9-Dec-16,73.82,75.14,73.60,74.15,445094
8-Dec-16,72.46,73.61,72.07,73.52,401888
7-Dec-16,73.67,73.67,72.06,72.45,410229
6-Dec-16,72.27,74.30,71.48,74.01,543269
5-Dec-16,72.55,72.93,71.56,72.14,379605
2-Dec-16,69.79,72.61,69.51,71.87,815100
1-Dec-16,71.36,71.53,69.74,70.02,439073
30-Nov-16,73.22,73.68,70.98,71.10,977127
29-Nov-16,71.49,71.86,71.27,71.56,295068
28-Nov-16,72.13,72.22,71.22,71.56,464396
25-Nov-16,72.69,73.01,72.20,72.22,171553
23-Nov-16,71.84,72.74,71.56,72.63,302426
22-Nov-16,72.53,72.68,71.70,72.44,378590
21-Nov-16,73.50,73.55,72.11,72.44,644721
18-Nov-16,73.72,73.87,73.26,73.50,500013
17-Nov-16,71.77,73.81,71.73,73.71,538283
16-Nov-16,73.70,73.98,72.00,72.29,607858
15-Nov-16,75.00,75.08,73.31,73.98,777832
14-Nov-16,75.06,75.60,74.30,75.06,439553
11-Nov-16,74.82,75.24,73.86,74.63,800238
10-Nov-16,76.23,77.26,75.21,75.37,805141
9-Nov-16,70.55,75.68,70.55,75.35,1253731
8-Nov-16,69.92,72.55,68.71,72.10,817522
7-Nov-16,69.34,70.47,68.84,70.29,936617
4-Nov-16,67.37,69.43,67.36,68.19,1230534
3-Nov-16,69.79,70.52,67.20,67.40,1008123
2-Nov-16,73.40,73.57,69.69,70.12,1523123
1-Nov-16,75.94,76.83,74.01,74.08,1240361
31-Oct-16,76.07,76.42,75.63,75.88,578545
28-Oct-16,76.22,76.67,75.63,76.00,306962
27-Oct-16,78.44,78.44,76.44,76.48,446892
26-Oct-16,79.44,79.44,77.62,77.99,634578
25-Oct-16,82.53,82.53,79.55,79.88,403551
24-Oct-16,82.59,83.47,82.59,82.82,218316
21-Oct-16,82.52,82.56,81.80,82.13,218734
20-Oct-16,80.32,83.47,80.25,83.00,434225
19-Oct-16,81.28,81.28,80.37,80.58,223883
18-Oct-16,80.92,81.61,80.81,81.08,200984
17-Oct-16,80.45,80.92,79.97,80.05,228221
14-Oct-16,81.18,81.56,80.43,80.55,213545
13-Oct-16,80.17,81.22,79.92,80.91,197474
12-Oct-16,81.73,81.85,80.35,80.69,354825
11-Oct-16,82.94,82.96,81.08,81.62,237753
10-Oct-16,83.23,84.26,83.23,83.48,162684
7-Oct-16,83.36,83.36,81.79,83.04,288586
6-Oct-16,82.95,83.32,82.16,83.30,248402
5-Oct-16,83.26,84.33,82.94,82.97,285188
4-Oct-16,83.79,84.53,82.90,83.07,268589
3-Oct-16,82.94,83.70,82.36,83.68,243437
30-Sep-16,83.10,83.74,82.11,83.34,325611
29-Sep-16,83.68,83.68,81.72,82.54,258204
28-Sep-16,84.00,84.00,82.88,83.55,237205
27-Sep-16,82.62,84.00,82.27,83.94,237921
26-Sep-16,82.30,83.09,82.02,82.50,251592
23-Sep-16,82.66,83.05,81.78,82.76,277427
22-Sep-16,82.19,83.33,81.94,82.96,370375
21-Sep-16,80.82,81.86,80.54,81.72,331741
20-Sep-16,80.97,81.00,80.25,80.51,280691
19-Sep-16,81.18,81.41,80.42,80.47,272005
16-Sep-16,80.85,81.33,80.78,81.02,392887
15-Sep-16,80.52,81.53,79.93,81.24,231813
14-Sep-16,79.97,80.77,79.53,80.56,466989
13-Sep-16,79.85,80.12,78.46,79.62,365140
12-Sep-16,78.15,80.56,78.15,80.18,540901
9-Sep-16,80.81,80.98,78.74,78.76,421867
8-Sep-16,82.19,82.19,81.35,81.55,450907
7-Sep-16,81.15,82.54,80.80,82.08,769498
6-Sep-16,83.14,83.66,80.28,80.98,917783
2-Sep-16,83.97,84.70,83.62,84.42,315441
1-Sep-16,83.30,83.88,82.88,83.60,189679
31-Aug-16,84.07,84.07,82.79,83.21,269586
30-Aug-16,84.18,84.46,83.86,84.26,260541
29-Aug-16,83.20,84.24,82.99,84.02,233637
26-Aug-16,82.38,83.50,82.30,83.11,378086
25-Aug-16,82.16,83.02,81.48,82.32,322922
24-Aug-16,83.61,84.56,81.76,81.92,364471
23-Aug-16,83.84,84.59,83.34,83.55,348690
22-Aug-16,82.59,83.98,82.59,83.59,218241
19-Aug-16,83.24,83.39,82.38,82.66,199704
18-Aug-16,82.75,83.79,82.56,83.36,298062
17-Aug-16,83.35,83.57,82.79,82.92,265577
16-Aug-16,83.09,83.81,82.89,83.35,528692
15-Aug-16,82.95,83.68,82.95,83.29,202897
12-Aug-16,82.97,83.60,82.71,82.92,259641
11-Aug-16,83.26,83.58,82.45,83.27,327036
10-Aug-16,84.01,84.21,82.89,83.13,263586
9-Aug-16,84.36,84.49,83.83,84.15,256497
8-Aug-16,85.78,86.68,84.09,84.33,370969
5-Aug-16,87.27,87.39,85.53,85.72,446976
4-Aug-16,86.54,88.09,85.70,87.02,512622
3-Aug-16,89.04,89.18,85.76,85.96,940074
2-Aug-16,88.25,88.56,86.15,87.04,566875
1-Aug-16,87.90,89.08,87.67,88.44,319948
29-Jul-16,87.55,88.56,87.19,87.93,262588
28-Jul-16,86.96,87.71,86.42,87.50,265444
27-Jul-16,87.88,87.88,86.46,87.02,264895
26-Jul-16,86.16,87.98,86.07,87.79,443672
25-Jul-16,86.85,87.20,85.92,86.35,296532
22-Jul-16,86.30,87.24,85.68,86.78,299425
21-Jul-16,86.25,86.56,85.52,86.01,298909
20-Jul-16,84.68,86.53,84.68,86.18,261257
19-Jul-16,85.03,85.48,84.21,84.57,317631
18-Jul-16,85.53,85.63,84.90,85.15,172087
15-Jul-16,86.16,86.48,85.55,85.62,220554
14-Jul-16,85.40,86.16,85.05,86.05,195546
13-Jul-16,86.39,86.39,84.93,84.96,465193
12-Jul-16,86.20,86.98,85.87,85.97,286581
11-Jul-16,85.59,86.02,85.34,85.55,177414
8-Jul-16,84.95,85.84,84.38,85.52,192812
7-Jul-16,83.68,84.76,83.63,84.50,224495
6-Jul-16,82.44,83.49,82.19,83.46,375264
5-Jul-16,82.93,83.27,81.82,82.83,278466
1-Jul-16,82.59,83.88,82.12,83.30,302063
30-Jun-16,80.55,82.48,80.30,82.44,513621
29-Jun-16,79.58,80.62,79.11,80.60,380957
28-Jun-16,76.90,78.99,76.50,78.74,411733
27-Jun-16,80.09,80.11,75.54,75.95,1161541
24-Jun-16,81.55,82.07,80.14,80.35,406219
23-Jun-16,84.01,84.50,83.41,84.18,291724
22-Jun-16,82.51,84.61,82.45,83.32,332059
21-Jun-16,82.82,83.65,82.27,82.74,342840
20-Jun-16,82.76,83.62,82.68,82.89,216941
17-Jun-16,83.13,83.32,81.80,82.09,535819
16-Jun-16,83.51,83.99,82.45,83.12,290312
15-Jun-16,84.72,84.72,83.50,83.82,262150
14-Jun-16,83.87,84.25,82.82,84.13,266748
13-Jun-16,84.18,85.32,84.01,84.32,451407
10-Jun-16,86.41,86.41,83.90,84.73,290109
9-Jun-16,85.44,86.61,85.44,86.03,392133
8-Jun-16,85.48,85.99,84.75,85.72,209860
7-Jun-16,86.09,86.48,85.04,85.60,219560
6-Jun-16,85.79,86.49,84.93,86.12,279041
3-Jun-16,87.12,87.20,85.50,85.85,357651
2-Jun-16,87.95,87.95,86.23,87.45,424753
1-Jun-16,85.79,86.55,85.16,86.50,294684
31-May-16,86.24,86.54,85.30,85.93,298945
27-May-16,85.69,86.45,85.21,86.04,378777
26-May-16,85.35,85.88,84.52,85.52,192908
25-May-16,85.48,85.90,84.98,85.37,225394
24-May-16,85.00,85.65,84.60,85.41,430173
23-May-16,84.60,85.62,84.35,84.49,260287
20-May-16,84.18,84.88,83.72,84.59,464415
19-May-16,83.62,84.35,82.81,83.69,222689
18-May-16,83.61,84.51,82.90,83.92,336996
17-May-16,83.96,84.18,83.05,83.73,433738
16-May-16,83.04,84.43,82.48,83.96,301169
13-May-16,81.33,83.11,81.33,82.81,344703
12-May-16,82.01,82.59,80.81,81.42,402725
11-May-16,84.62,84.79,81.92,82.01,490136
10-May-16,83.24,84.07,82.63,84.01,559999
9-May-16,81.17,83.28,80.70,83.01,698148
6-May-16,80.28,81.22,79.96,80.89,463904
5-May-16,79.32,80.98,78.80,80.75,481564
4-May-16,78.80,80.79,77.04,79.01,931651
3-May-16,79.30,79.81,76.54,78.80,967170
2-May-16,79.64,80.06,78.68,79.40,611009
29-Apr-16,79.43,79.87,78.38,79.27,330743
28-Apr-16,80.63,81.59,79.92,80.03,369548
27-Apr-16,81.36,81.81,80.65,81.53,272223
26-Apr-16,81.95,82.35,80.47,81.50,319759
25-Apr-16,81.14,82.33,80.42,81.67,388155
22-Apr-16,80.88,81.34,80.15,80.99,208309
21-Apr-16,80.41,81.10,80.06,80.82,187118
20-Apr-16,79.38,80.69,78.83,80.25,363767
19-Apr-16,81.57,81.80,79.20,79.35,488753
18-Apr-16,80.31,82.38,80.27,81.53,955938
15-Apr-16,80.60,80.87,80.01,80.47,599021
14-Apr-16,80.59,81.00,79.97,80.54,370859
13-Apr-16,79.99,80.74,79.50,80.72,600760
12-Apr-16,79.85,80.09,78.99,79.55,518081
11-Apr-16,82.25,82.25,79.54,79.98,443242
8-Apr-16,82.12,82.24,80.94,81.90,801563
7-Apr-16,81.86,82.00,80.46,81.45,419991
6-Apr-16,79.38,82.40,79.38,82.23,688211
5-Apr-16,78.65,79.92,78.35,79.22,747312
4-Apr-16,77.53,79.98,77.21,79.52,634669
1-Apr-16,75.40,77.81,74.19,77.56,449801
31-Mar-16,75.27,76.70,74.72,75.94,484267
30-Mar-16,76.08,76.35,75.06,75.44,334182
29-Mar-16,74.14,76.16,73.61,76.12,364100
28-Mar-16,74.57,74.66,73.42,74.16,423676
24-Mar-16,73.85,75.27,73.39,74.33,337135
23-Mar-16,74.78,75.27,74.20,74.21,434559
22-Mar-16,73.45,75.08,72.96,74.80,419791
21-Mar-16,73.52,75.14,73.41,74.00,475473
18-Mar-16,70.59,75.00,70.52,73.89,1141178
17-Mar-16,71.25,71.47,69.41,70.67,505764
16-Mar-16,70.91,71.65,69.66,71.24,618216
15-Mar-16,73.12,73.12,71.01,71.07,341217
14-Mar-16,74.53,74.87,73.26,73.89,325458
11-Mar-16,74.06,75.14,73.57,74.93,303815
10-Mar-16,74.35,74.69,73.03,73.57,315157
9-Mar-16,75.08,75.14,73.66,74.08,317136
8-Mar-16,75.15,75.63,74.44,74.91,344217
7-Mar-16,74.35,75.94,73.92,75.45,358462
4-Mar-16,74.66,74.97,73.75,74.44,552093
3-Mar-16,74.92,74.92,73.65,74.59,308609
2-Mar-16,74.42,75.93,74.36,75.20,424896
1-Mar-16,73.77,74.78,72.90,74.71,344149
29-Feb-16,73.50,74.34,72.99,73.43,556842
26-Feb-16,73.36,73.81,72.98,73.70,348440
25-Feb-16,72.96,73.62,71.13,73.08,380720
24-Feb-16,71.73,73.10,69.82,72.89,470364
23-Feb-16,72.47,73.61,72.40,72.53,302981
22-Feb-16,74.54,74.98,72.53,72.97,456029
19-Feb-16,71.75,73.62,70.89,73.31,527000
18-Feb-16,73.22,74.59,71.99,72.29,539142
17-Feb-16,73.43,73.87,72.26,73.30,549983
16-Feb-16,73.26,74.64,72.67,73.13,739369
12-Feb-16,71.80,73.02,69.76,72.07,747332
11-Feb-16,70.79,72.62,69.78,70.81,901630
10-Feb-16,69.09,74.24,69.09,72.01,1181677
9-Feb-16,65.89,68.69,65.70,68.16,983639
8-Feb-16,69.05,69.65,66.04,67.10,801758
5-Feb-16,71.61,72.26,69.26,70.06,1149532
4-Feb-16,71.81,73.51,70.80,71.61,586888
3-Feb-16,72.65,73.02,69.63,72.18,662292
2-Feb-16,73.97,74.62,72.09,72.35,757256
1-Feb-16,73.97,75.63,73.06,74.87,613127
29-Jan-16,72.77,74.37,72.48,74.23,600431
28-Jan-16,75.42,76.34,71.95,72.65,954023
27-Jan-16,77.00,77.59,75.02,75.15,574164
26-Jan-16,75.80,77.25,74.73,77.02,576809
25-Jan-16,75.34,77.17,74.64,75.74,585454
22-Jan-16,74.81,75.59,73.66,75.45,863026
21-Jan-16,75.26,75.85,73.30,73.88,598760
20-Jan-16,74.67,75.99,71.96,74.90,631735
19-Jan-16,75.14,77.01,74.49,75.80,774294
15-Jan-16,73.70,74.77,72.31,74.53,1991004
14-Jan-16,74.48,76.87,73.38,75.58,1052642
13-Jan-16,77.11,77.59,73.78,74.34,628903
12-Jan-16,76.43,78.14,75.19,76.65,597742
11-Jan-16,79.55,79.96,74.60,75.90,870213
8-Jan-16,79.85,80.62,78.48,78.95,844070
7-Jan-16,78.53,80.84,77.31,78.52,1228027
6-Jan-16,76.93,77.53,75.69,76.39,1365917
5-Jan-16,78.33,79.48,77.65,78.00,475525
4-Jan-16,79.27,79.38,77.25,78.25,639894
31-Dec-15,80.21,81.49,79.84,80.39,282414
30-Dec-15,80.28,81.61,80.05,80.54,259054
29-Dec-15,80.34,80.83,79.82,80.50,455356
28-Dec-15,79.87,79.97,79.05,79.70,508359
24-Dec-15,79.55,80.44,78.63,80.08,148888
23-Dec-15,79.76,80.24,78.88,79.53,277195
22-Dec-15,79.00,79.64,77.65,79.36,219414
21-Dec-15,78.62,78.96,77.34,78.65,584109
18-Dec-15,79.10,79.41,77.80,77.82,532105
17-Dec-15,79.59,80.33,78.97,79.38,327930
16-Dec-15,79.00,79.80,78.48,79.55,507299
15-Dec-15,77.25,78.98,76.82,78.60,542320
14-Dec-15,76.36,78.11,75.06,76.35,560214
11-Dec-15,75.15,76.92,74.92,76.40,496210
10-Dec-15,74.66,76.19,74.02,75.56,342191
9-Dec-15,75.32,76.01,74.15,74.43,200589
8-Dec-15,75.04,76.17,74.50,75.67,315835
7-Dec-15,76.57,77.07,75.09,75.56,269623
4-Dec-15,75.03,77.55,75.03,76.83,222931
3-Dec-15,76.78,77.17,74.52,74.91,273892
2-Dec-15,78.14,78.49,76.18,76.45,323227
1-Dec-15,76.88,78.33,76.48,78.21,234473
30-Nov-15,78.25,78.44,76.49,76.57,357284
27-Nov-15,77.19,78.16,77.12,78.04,161545
25-Nov-15,76.40,77.48,76.17,77.23,162216
24-Nov-15,75.69,76.79,75.27,76.50,237668
23-Nov-15,75.25,76.49,75.25,76.34,406356
20-Nov-15,75.25,76.07,74.37,75.16,483109
19-Nov-15,74.15,75.09,73.82,74.83,345374
18-Nov-15,72.94,74.38,72.36,74.15,376456
17-Nov-15,71.74,73.51,70.92,72.72,356642
16-Nov-15,70.89,71.84,70.11,71.70,290016
13-Nov-15,71.08,72.24,69.77,71.02,218836
12-Nov-15,72.70,72.70,71.00,71.09,187837
11-Nov-15,74.32,74.32,72.67,72.96,325588
10-Nov-15,72.84,74.13,72.80,74.05,291734
9-Nov-15,73.80,73.98,72.13,73.00,473937
6-Nov-15,72.42,74.22,70.70,74.01,612103
5-Nov-15,71.63,73.00,70.96,72.42,573680
4-Nov-15,70.30,73.23,69.99,71.47,1516786
3-Nov-15,68.57,69.11,67.23,68.52,484808
2-Nov-15,65.59,69.55,65.05,68.89,638051
30-Oct-15,66.51,66.60,65.19,65.24,440743
29-Oct-15,67.17,68.04,66.15,66.32,347931
28-Oct-15,66.42,67.52,64.95,67.49,365601
27-Oct-15,66.64,67.12,65.49,66.44,361326
26-Oct-15,65.59,67.32,65.12,66.70,589711
23-Oct-15,65.24,65.93,64.34,65.57,552236
22-Oct-15,66.44,66.48,63.68,64.52,500972
21-Oct-15,66.43,67.51,64.94,66.28,492893
20-Oct-15,67.21,67.21,65.51,65.57,663896
19-Oct-15,65.73,67.78,65.72,67.26,428781
16-Oct-15,65.92,66.31,65.03,66.04,899333
15-Oct-15,63.96,65.75,63.78,65.64,399806
14-Oct-15,65.28,66.24,63.71,63.89,540250
13-Oct-15,65.54,67.42,64.88,65.00,429080
12-Oct-15,65.59,66.86,64.71,65.97,540489
9-Oct-15,62.55,64.71,61.91,64.63,681685
8-Oct-15,62.54,62.92,61.24,62.16,460966
7-Oct-15,62.00,63.56,60.70,62.74,697056
6-Oct-15,64.26,64.31,59.99,61.75,585863
5-Oct-15,64.98,66.53,63.24,63.91,769471
2-Oct-15,62.60,64.58,62.02,64.51,438431
1-Oct-15,63.49,63.90,61.78,63.09,370720
30-Sep-15,63.55,64.48,62.20,63.52,536336
29-Sep-15,61.62,63.64,61.25,62.52,798033
28-Sep-15,64.25,64.42,61.23,61.59,670879
25-Sep-15,68.70,68.70,63.75,64.70,461274
24-Sep-15,68.77,68.84,67.66,68.06,309885
23-Sep-15,69.38,70.09,68.64,69.27,306290
22-Sep-15,69.63,70.28,68.14,69.37,424700
21-Sep-15,72.62,73.79,70.18,70.56,383267
18-Sep-15,72.67,73.56,71.99,72.10,513602
17-Sep-15,72.15,74.39,71.82,73.50,272363
16-Sep-15,71.14,72.39,70.18,72.14,327065
15-Sep-15,70.93,71.40,70.31,70.98,303691
14-Sep-15,70.87,71.15,69.63,70.56,235316
11-Sep-15,69.65,71.11,68.85,70.93,198102
10-Sep-15,69.00,70.39,68.50,70.07,244993
9-Sep-15,70.03,70.03,68.65,69.11,293147
8-Sep-15,68.43,69.75,67.81,69.56,322339
4-Sep-15,66.76,68.02,66.58,67.31,252962
3-Sep-15,68.22,68.78,67.21,67.59,226692
2-Sep-15,67.14,67.99,66.59,67.95,335485
1-Sep-15,67.98,68.56,66.31,66.57,341105
31-Aug-15,70.37,70.76,68.72,68.89,276537
28-Aug-15,70.02,70.50,68.86,70.38,407274
27-Aug-15,69.31,70.21,68.57,70.11,476397
26-Aug-15,66.15,69.16,65.16,68.39,732868
25-Aug-15,67.78,67.78,64.85,64.89,640743
24-Aug-15,65.67,68.32,64.16,65.77,607791
21-Aug-15,71.22,71.91,69.92,69.99,502948
20-Aug-15,74.07,74.94,71.66,71.68,239104
19-Aug-15,74.78,75.50,73.85,74.77,174634
18-Aug-15,75.79,76.29,75.03,75.14,216501
17-Aug-15,75.00,76.35,74.59,75.76,415478
14-Aug-15,75.76,76.26,74.30,75.28,171474
13-Aug-15,76.06,76.69,75.41,75.68,272197
12-Aug-15,75.06,76.39,74.07,76.12,529018
11-Aug-15,74.22,75.56,73.39,75.34,452877
10-Aug-15,75.11,76.34,74.60,74.90,287376
7-Aug-15,73.84,75.35,72.47,75.04,646280
6-Aug-15,76.83,77.03,73.23,73.96,399474
5-Aug-15,76.83,77.08,76.09,76.20,344299
4-Aug-15,76.92,77.65,76.15,76.30,297768
3-Aug-15,77.65,78.22,75.98,76.86,445468
31-Jul-15,74.48,78.50,73.18,77.62,1061598
30-Jul-15,66.51,75.75,66.30,74.44,1034901
29-Jul-15,76.51,77.16,75.88,76.52,358915
28-Jul-15,75.52,76.42,74.82,76.35,377142
27-Jul-15,74.55,75.41,74.15,75.03,365268
24-Jul-15,75.41,76.14,74.47,75.12,384744
23-Jul-15,75.91,76.11,75.06,75.79,250407
22-Jul-15,75.16,76.68,74.78,75.86,489492
21-Jul-15,75.87,76.14,74.07,75.44,339903
20-Jul-15,75.53,76.13,75.00,75.83,495627
17-Jul-15,75.27,75.57,74.93,75.21,705275
16-Jul-15,75.71,75.71,74.09,75.12,266270
15-Jul-15,74.98,75.70,74.44,74.89,375527
14-Jul-15,74.37,75.00,74.02,74.71,418064
13-Jul-15,73.94,74.43,73.64,74.27,324268
10-Jul-15,74.03,74.03,72.80,73.29,557591
9-Jul-15,70.28,72.36,70.24,71.98,528558
8-Jul-15,69.85,70.46,68.92,68.92,441040
7-Jul-15,70.28,70.97,69.25,70.41,524111
6-Jul-15,68.97,70.44,68.66,70.13,2009261
2-Jul-15,70.00,70.00,68.67,69.54,734761
1-Jul-15,71.10,72.01,69.79,70.01,435290
30-Jun-15,71.06,71.26,70.15,70.34,467462
29-Jun-15,71.30,71.83,70.12,70.37,526202
26-Jun-15,72.92,72.92,71.19,71.69,805282
25-Jun-15,73.29,73.37,72.04,72.85,263489
24-Jun-15,74.04,74.33,73.02,73.14,233373
23-Jun-15,74.74,74.97,74.26,74.61,201549
22-Jun-15,74.16,74.82,73.68,74.73,260147
19-Jun-15,73.49,73.96,72.82,73.67,329157
18-Jun-15,72.26,73.99,72.13,73.56,371546
17-Jun-15,72.65,72.88,71.91,72.01,347883
16-Jun-15,72.46,73.20,72.29,72.38,252377
15-Jun-15,72.34,72.53,71.34,72.40,214429
12-Jun-15,73.42,73.52,72.64,72.80,248191
11-Jun-15,73.68,74.07,73.57,73.75,271542
10-Jun-15,73.07,74.04,72.71,73.45,219298
9-Jun-15,73.29,73.85,72.70,72.91,244698
8-Jun-15,73.10,74.05,73.09,73.46,257897
5-Jun-15,72.91,73.48,71.98,73.20,174342
4-Jun-15,73.11,73.89,72.58,73.15,222484
3-Jun-15,73.01,73.56,72.29,73.53,247938
2-Jun-15,72.33,73.07,71.82,72.60,187508
1-Jun-15,72.49,73.04,71.75,72.44,309373
29-May-15,73.30,73.88,72.23,72.34,402601
28-May-15,72.77,73.65,72.77,73.55,339552
27-May-15,72.58,73.07,71.99,72.95,328038
26-May-15,72.25,72.99,71.79,72.14,282302
22-May-15,72.45,72.86,72.16,72.62,213458
21-May-15,72.48,72.85,71.84,72.57,291653
20-May-15,71.70,72.79,70.85,72.44,336146
19-May-15,71.91,72.24,71.29,71.69,270978
18-May-15,70.54,71.80,70.43,71.73,267142
15-May-15,71.59,71.59,70.24,70.54,317883
14-May-15,70.82,71.60,69.95,71.39,357411
13-May-15,70.42,70.91,69.93,70.39,428632
12-May-15,70.00,70.27,69.17,69.88,292052
11-May-15,70.49,70.92,70.04,70.49,357481
8-May-15,70.47,71.02,69.90,70.48,418864
7-May-15,70.30,71.18,69.65,69.77,348503
6-May-15,70.24,70.78,69.51,70.29,412713
5-May-15,71.94,72.32,70.02,70.39,427739
4-May-15,71.99,73.32,71.30,71.94,757072
1-May-15,68.79,70.65,68.59,70.62,1396347
30-Apr-15,72.54,72.54,68.97,69.16,2178735
29-Apr-15,75.33,76.90,75.10,76.25,576437
28-Apr-15,77.22,77.54,74.26,75.81,632946
27-Apr-15,78.06,78.09,76.03,76.87,795272
24-Apr-15,78.21,78.21,77.16,77.40,494431
23-Apr-15,78.05,78.36,77.58,77.89,332630
22-Apr-15,78.50,78.90,77.21,78.06,525067
21-Apr-15,79.15,79.21,78.41,78.59,280784
20-Apr-15,78.62,79.00,77.84,78.54,244905
17-Apr-15,77.93,78.44,77.08,78.26,460284
16-Apr-15,78.55,79.17,78.11,78.24,223543
15-Apr-15,79.00,79.25,78.49,78.71,282075
14-Apr-15,78.94,79.20,78.07,78.81,201283
13-Apr-15,78.67,79.39,78.47,79.07,265287
10-Apr-15,78.99,79.42,78.61,78.77,255588
9-Apr-15,78.45,79.39,78.00,79.04,338495
8-Apr-15,77.51,78.64,77.48,78.45,580984
7-Apr-15,77.65,79.28,77.63,77.66,664523
6-Apr-15,77.50,79.11,77.50,78.67,1009371
2-Apr-15,78.87,79.38,77.70,77.85,847218
1-Apr-15,79.15,79.44,77.26,78.69,596144
31-Mar-15,79.26,79.90,79.14,79.29,470475
30-Mar-15,79.80,80.30,79.28,79.83,397198
27-Mar-15,79.13,80.26,78.89,79.61,303677
26-Mar-15,76.94,79.72,76.15,79.01,661672
25-Mar-15,82.15,82.49,78.02,78.07,779103
24-Mar-15,83.30,83.45,81.35,81.82,799534
23-Mar-15,83.80,84.14,83.22,83.31,391386
20-Mar-15,84.34,84.69,83.92,84.08,1032057
19-Mar-15,81.95,84.21,81.93,84.20,636311
18-Mar-15,81.90,82.46,81.17,81.95,522699
17-Mar-15,81.65,82.07,80.88,81.90,345859
16-Mar-15,80.50,82.22,80.48,81.97,490373
13-Mar-15,79.98,80.58,79.64,80.19,327862
12-Mar-15,79.71,80.50,79.59,80.29,654931
11-Mar-15,78.41,79.55,77.73,79.50,533875
10-Mar-15,77.90,78.93,77.15,78.40,517796
9-Mar-15,77.01,78.16,76.65,78.15,639630
6-Mar-15,77.48,77.68,76.35,76.77,317172
5-Mar-15,76.80,77.96,76.76,77.70,518164
4-Mar-15,75.50,76.64,75.33,76.61,434725
3-Mar-15,75.94,76.16,75.08,75.62,529183
2-Mar-15,76.54,77.16,76.35,76.75,382239
27-Feb-15,76.73,77.17,76.58,76.67,337259
26-Feb-15,76.76,77.14,76.26,76.77,331136
25-Feb-15,76.09,77.01,75.53,76.80,469561
24-Feb-15,76.65,76.71,75.52,76.30,385229
23-Feb-15,76.10,77.10,75.81,76.72,436268
20-Feb-15,74.88,76.36,74.55,76.18,717708
19-Feb-15,74.62,75.00,73.94,74.85,541568
18-Feb-15,73.98,74.63,73.18,74.60,752769
17-Feb-15,73.59,73.89,72.83,73.75,526093
13-Feb-15,74.00,74.38,73.41,73.61,531813
12-Feb-15,73.98,74.48,73.40,73.94,865457
11-Feb-15,72.25,73.48,70.50,73.14,1237715
10-Feb-15,68.18,69.98,68.18,69.70,535462
9-Feb-15,69.53,69.77,68.75,68.80,299696
6-Feb-15,70.12,70.50,69.04,69.55,278261
5-Feb-15,69.44,70.40,68.97,70.31,251593
4-Feb-15,69.28,69.74,68.43,69.07,395439
3-Feb-15,69.02,69.83,68.43,69.78,382533
2-Feb-15,69.50,69.58,68.09,68.89,421647
30-Jan-15,69.59,70.47,69.00,69.35,233170
29-Jan-15,69.89,70.17,68.38,69.76,323685
28-Jan-15,70.23,70.55,69.38,69.69,313016
27-Jan-15,69.99,70.63,69.74,70.17,310647
26-Jan-15,68.65,70.73,68.44,70.59,369649
23-Jan-15,68.98,69.62,68.72,68.79,574980
22-Jan-15,68.31,68.62,67.22,68.36,528634
21-Jan-15,67.93,68.55,67.30,67.47,297434
20-Jan-15,68.65,68.98,67.25,68.16,275493
16-Jan-15,67.98,69.00,67.91,68.21,520443
15-Jan-15,68.84,69.17,67.48,67.80,320027
14-Jan-15,68.45,69.06,67.99,68.76,517983
13-Jan-15,68.01,69.14,68.01,68.89,515326
12-Jan-15,68.07,68.07,67.00,67.39,465844
9-Jan-15,66.70,67.20,66.06,66.73,519143
8-Jan-15,66.32,67.22,66.32,66.56,640598
7-Jan-15,65.00,66.25,64.56,66.20,547810
6-Jan-15,64.48,64.99,63.49,64.65,556873
5-Jan-15,63.55,64.80,63.22,64.38,373620
2-Jan-15,63.86,64.68,63.42,63.88,201631
31-Dec-14,64.28,65.09,63.59,63.64,193789
30-Dec-14,64.30,64.54,63.69,64.14,142781
29-Dec-14,64.12,64.65,63.47,64.44,149315
26-Dec-14,63.89,64.95,63.78,64.29,92064
24-Dec-14,63.21,64.18,63.03,63.59,41252
23-Dec-14,64.34,64.89,62.36,63.26,182379
22-Dec-14,63.86,64.39,63.53,63.91,172561
19-Dec-14,63.57,64.37,63.04,63.96,308583
18-Dec-14,63.77,64.07,62.70,63.61,317371
17-Dec-14,61.84,62.91,61.49,62.88,203228
16-Dec-14,62.21,63.31,61.75,61.77,335265
15-Dec-14,62.88,63.40,62.17,62.26,274398
12-Dec-14,62.85,63.16,62.38,62.66,339286
11-Dec-14,62.71,63.24,62.23,62.98,327044
10-Dec-14,64.12,64.36,62.01,62.25,336836
9-Dec-14,63.13,64.45,62.81,64.00,290246
8-Dec-14,63.83,64.61,63.53,63.81,350227
5-Dec-14,63.99,64.43,63.46,63.91,184083
4-Dec-14,64.43,64.83,63.79,63.98,262668
3-Dec-14,64.80,64.97,64.17,64.43,187723
2-Dec-14,64.18,65.07,64.02,64.58,142919
1-Dec-14,64.78,65.20,64.01,64.18,366103
28-Nov-14,64.85,65.61,64.59,64.75,111913
26-Nov-14,64.63,64.99,64.14,64.77,179340
25-Nov-14,65.86,65.86,64.20,64.49,175878
24-Nov-14,64.17,65.65,63.71,65.59,283032
21-Nov-14,64.30,64.64,63.58,63.87,226926
20-Nov-14,63.15,64.18,62.70,63.85,183734
19-Nov-14,63.79,64.19,63.34,63.48,246422
18-Nov-14,63.79,64.23,63.24,63.94,283940
17-Nov-14,63.55,63.98,63.32,63.48,191051
14-Nov-14,64.38,64.38,63.32,63.76,236887
13-Nov-14,64.89,65.54,64.24,64.48,242685
12-Nov-14,63.92,65.10,63.92,64.88,353705
11-Nov-14,64.10,64.80,63.92,64.30,168918
10-Nov-14,63.52,64.40,63.29,63.93,241199
7-Nov-14,63.78,63.93,62.82,63.36,316602
6-Nov-14,62.61,63.78,62.50,63.73,471953
5-Nov-14,64.57,65.17,62.45,62.68,457003
4-Nov-14,64.45,64.66,63.48,64.12,354683
3-Nov-14,64.05,66.11,64.05,64.43,991487
31-Oct-14,64.05,64.05,62.70,63.16,588873
30-Oct-14,65.00,65.00,61.29,62.81,1142474
29-Oct-14,63.90,64.80,63.61,64.47,386349
28-Oct-14,63.95,64.05,63.39,64.05,431596
27-Oct-14,63.66,63.86,62.92,63.80,257912
24-Oct-14,62.50,63.69,62.15,63.69,349492
23-Oct-14,62.24,62.68,61.91,62.56,322683
22-Oct-14,62.71,62.82,61.71,61.83,267520
21-Oct-14,60.71,62.34,60.71,62.23,428253
20-Oct-14,61.15,61.46,59.66,60.43,492556
17-Oct-14,60.75,61.76,60.46,61.33,1802906
16-Oct-14,57.63,61.29,57.56,60.13,1203939
15-Oct-14,55.48,58.34,55.47,57.61,610628
14-Oct-14,56.87,57.33,55.78,56.53,315357
13-Oct-14,57.10,57.75,56.27,56.46,276597
10-Oct-14,58.52,58.98,56.71,56.86,364891
9-Oct-14,59.49,59.61,58.32,58.70,250755
8-Oct-14,58.63,59.72,58.08,59.58,301657
7-Oct-14,59.69,59.95,58.48,58.67,388916
6-Oct-14,61.63,61.84,59.91,59.99,379436
3-Oct-14,60.97,62.00,60.81,61.36,825700
2-Oct-14,59.40,60.50,59.20,60.34,401039
1-Oct-14,59.78,59.86,58.61,59.12,479811
30-Sep-14,60.29,60.45,59.37,59.74,308938
29-Sep-14,59.26,60.47,58.97,60.37,285032
26-Sep-14,59.93,59.99,59.08,59.64,211093
25-Sep-14,60.65,61.00,59.53,59.94,263206
24-Sep-14,60.09,60.82,59.57,60.73,307534
23-Sep-14,60.48,60.49,59.71,59.83,218192
22-Sep-14,60.39,61.17,60.20,60.51,277005
19-Sep-14,61.10,61.49,60.25,60.47,585686
18-Sep-14,60.90,61.10,60.38,61.07,181118
17-Sep-14,60.72,61.00,60.38,60.59,195633
16-Sep-14,60.28,60.68,59.67,60.50,320466
15-Sep-14,60.70,60.70,59.89,60.26,263155
12-Sep-14,60.65,60.83,60.31,60.64,338872
11-Sep-14,60.42,60.95,60.24,60.79,216662
10-Sep-14,59.91,60.72,59.48,60.72,318263
9-Sep-14,60.26,60.65,59.75,59.76,382666
8-Sep-14,60.12,60.59,59.51,60.41,308200
5-Sep-14,61.32,61.49,60.08,60.26,261931
4-Sep-14,60.48,61.43,60.18,61.20,536630
3-Sep-14,59.03,60.27,59.03,60.25,337583
2-Sep-14,59.09,59.44,58.60,58.99,615106
29-Aug-14,59.90,60.00,59.09,59.10,334830
28-Aug-14,59.74,59.94,59.43,59.91,271793
27-Aug-14,60.35,60.66,59.68,59.81,219426
26-Aug-14,59.67,60.49,59.58,60.45,395174
25-Aug-14,59.47,59.86,59.01,59.66,301967
22-Aug-14,59.21,59.34,58.84,59.11,209959
21-Aug-14,59.50,59.68,58.75,59.02,301801
20-Aug-14,59.64,59.64,59.01,59.47,208246
19-Aug-14,59.60,59.85,59.32,59.68,173755
18-Aug-14,59.28,59.66,58.91,59.44,308569
15-Aug-14,59.05,59.54,58.23,59.05,398643
14-Aug-14,58.63,59.20,58.44,58.79,367038
13-Aug-14,58.94,59.34,57.61,58.60,874541
12-Aug-14,56.81,58.86,56.76,58.72,828887
11-Aug-14,56.85,57.08,56.22,56.75,357389
8-Aug-14,56.68,56.88,55.94,56.79,583830
7-Aug-14,56.33,57.01,54.84,56.50,1279432
6-Aug-14,53.05,54.24,52.79,53.79,487324
5-Aug-14,53.07,53.85,52.39,53.30,557140
4-Aug-14,53.59,53.78,52.61,53.22,317293
1-Aug-14,54.12,54.46,53.13,53.52,421726
31-Jul-14,55.42,55.66,54.20,54.21,433174
30-Jul-14,55.65,56.33,55.47,55.91,787493
29-Jul-14,54.19,55.66,54.19,55.22,503005
28-Jul-14,53.90,54.39,53.55,54.23,333077
25-Jul-14,53.72,54.00,53.34,53.85,386674
24-Jul-14,53.69,54.07,53.15,53.74,461284
23-Jul-14,53.54,54.04,53.10,53.67,332828
22-Jul-14,52.74,54.50,52.72,53.41,425944
21-Jul-14,52.65,52.93,52.33,52.60,181181
18-Jul-14,52.33,53.04,52.29,52.81,234885
17-Jul-14,52.52,53.31,52.14,52.24,329600
16-Jul-14,53.27,53.27,52.50,52.78,349169
15-Jul-14,53.41,53.96,52.50,53.09,427725
14-Jul-14,53.12,53.65,52.64,53.38,542180
11-Jul-14,53.38,53.55,52.02,52.61,556927
10-Jul-14,52.61,53.70,52.51,53.52,330944
9-Jul-14,53.00,53.57,52.56,53.31,303929
8-Jul-14,53.98,53.98,53.05,53.18,465871
7-Jul-14,54.36,54.76,54.02,54.15,276082
3-Jul-14,54.26,55.10,53.88,54.33,637505
2-Jul-14,54.19,54.72,54.08,54.15,442248
1-Jul-14,53.69,54.58,53.62,54.06,415168
30-Jun-14,52.62,53.57,52.36,53.52,398820
27-Jun-14,53.04,53.41,52.62,52.72,364779
26-Jun-14,53.92,53.92,52.78,53.24,198473
25-Jun-14,52.95,53.87,52.94,53.76,301607
24-Jun-14,53.57,53.97,53.00,53.12,304732
23-Jun-14,54.37,54.78,53.33,53.83,596471
20-Jun-14,53.83,54.87,53.71,54.34,506295
19-Jun-14,54.16,54.32,53.44,53.87,422220
18-Jun-14,53.98,54.26,53.65,54.03,281840
17-Jun-14,54.00,54.47,53.70,54.00,327069
16-Jun-14,54.36,55.18,54.06,54.12,209937
13-Jun-14,54.57,54.57,53.94,54.45,271538
12-Jun-14,54.33,54.80,54.08,54.41,193415
11-Jun-14,54.42,54.50,53.98,54.46,286641
10-Jun-14,54.85,55.05,54.26,54.71,163666
9-Jun-14,54.66,55.24,54.61,54.98,204787
6-Jun-14,55.09,55.13,54.37,54.81,218318
5-Jun-14,54.56,55.69,54.47,55.01,311795
4-Jun-14,53.97,54.74,53.77,54.50,361336
3-Jun-14,53.16,54.43,53.03,54.14,350387
2-Jun-14,53.59,53.66,52.76,53.48,372607
30-May-14,53.61,54.48,53.37,53.58,467586
29-May-14,53.67,53.74,53.23,53.61,328896
28-May-14,54.08,54.20,53.50,53.60,364193
27-May-14,53.87,54.22,53.70,54.03,498200
23-May-14,53.61,54.14,53.25,53.73,323194
22-May-14,53.33,54.04,52.82,53.50,380719
21-May-14,53.24,54.07,53.05,53.39,535222
20-May-14,54.06,54.47,52.92,53.16,904972
19-May-14,53.29,54.78,53.29,54.02,563573
16-May-14,53.84,53.96,52.96,53.24,732556
15-May-14,53.61,53.76,52.86,53.68,547494
14-May-14,53.76,54.45,53.38,53.83,597640
13-May-14,54.00,54.45,53.55,53.94,561212
12-May-14,53.70,54.27,53.44,53.93,533124
9-May-14,52.22,53.68,51.94,53.39,655543
8-May-14,52.05,53.25,51.99,52.31,1078561
7-May-14,51.17,52.35,51.12,52.29,1372364
6-May-14,50.75,51.93,50.50,50.96,1049082
5-May-14,50.37,51.41,49.86,51.16,833436
2-May-14,51.33,51.41,49.60,50.74,1771535
1-May-14,54.29,55.00,50.64,51.45,1984981
30-Apr-14,55.55,55.55,52.47,53.72,1001689
29-Apr-14,53.51,55.46,53.20,55.06,1091747
28-Apr-14,56.88,56.88,53.03,53.64,1199632
25-Apr-14,57.26,57.48,56.11,56.65,485632
24-Apr-14,57.74,58.01,56.36,57.52,420575
23-Apr-14,58.10,58.27,57.02,57.31,558833
22-Apr-14,58.06,59.11,57.85,58.17,623983
21-Apr-14,57.12,58.20,56.93,57.97,395727
17-Apr-14,57.54,58.25,56.95,57.09,377734
16-Apr-14,57.41,57.92,57.01,57.62,232846
15-Apr-14,56.66,57.46,55.38,56.80,451951
14-Apr-14,56.72,57.55,55.90,56.59,339149
11-Apr-14,56.96,57.85,56.09,56.36,420819
10-Apr-14,59.28,59.28,57.14,57.42,533550
9-Apr-14,58.34,59.05,57.90,59.01,500402
8-Apr-14,57.04,58.29,56.81,58.25,905132
7-Apr-14,57.62,57.63,56.01,56.87,939883
4-Apr-14,61.80,61.80,57.46,57.80,962098
3-Apr-14,61.44,61.61,60.58,61.47,630787
2-Apr-14,61.53,61.92,60.98,61.40,312138
1-Apr-14,60.47,61.31,60.47,61.25,434587
31-Mar-14,59.60,60.57,59.13,60.34,345769
28-Mar-14,59.77,60.45,59.09,59.39,251541
27-Mar-14,60.00,60.24,59.00,59.54,327963
26-Mar-14,60.90,61.20,59.92,60.00,560321
25-Mar-14,60.95,62.20,60.42,60.60,787307
24-Mar-14,60.89,61.32,59.16,60.53,429644
21-Mar-14,62.09,62.17,60.56,60.83,863977
20-Mar-14,61.68,62.26,61.49,62.01,510251
19-Mar-14,62.10,62.50,61.53,62.00,823810
18-Mar-14,61.04,62.50,61.03,61.85,635105
17-Mar-14,60.79,61.60,60.79,61.09,597367
14-Mar-14,59.61,61.15,59.33,60.73,509657
13-Mar-14,60.66,61.15,59.22,59.48,844536
12-Mar-14,57.91,60.43,57.62,60.33,1405752
11-Mar-14,57.87,58.62,57.71,58.05,339067
10-Mar-14,57.42,58.06,57.28,57.95,333714
7-Mar-14,58.40,58.42,57.03,57.55,767876
6-Mar-14,58.46,58.91,58.06,58.16,470495
5-Mar-14,59.09,59.09,58.26,58.31,309982
4-Mar-14,58.66,59.21,58.49,59.01,605354
3-Mar-14,58.70,59.08,58.06,58.20,602746
28-Feb-14,60.27,60.72,58.85,59.41,421532
27-Feb-14,59.25,60.67,59.21,60.50,913453
26-Feb-14,58.79,59.50,58.22,59.49,600453
25-Feb-14,58.77,58.92,57.84,58.78,412751
24-Feb-14,59.05,59.49,58.59,58.78,319412
21-Feb-14,59.14,59.95,58.54,59.15,482342
20-Feb-14,58.26,59.06,57.79,58.99,436101
19-Feb-14,58.17,58.75,58.01,58.09,304033
18-Feb-14,58.00,58.46,57.84,58.13,470332
14-Feb-14,58.43,59.00,57.94,58.28,516079
13-Feb-14,57.41,58.86,57.41,58.38,663059
12-Feb-14,56.79,57.82,55.95,57.58,1020316
11-Feb-14,58.66,58.66,57.73,57.99,752325
10-Feb-14,58.11,58.54,57.67,58.49,642773
7-Feb-14,57.95,58.38,57.83,58.11,598555
6-Feb-14,57.10,58.91,56.78,57.81,1045694
5-Feb-14,55.36,57.00,54.92,56.97,1148541
4-Feb-14,55.31,55.74,54.86,55.37,706843
3-Feb-14,56.24,56.45,54.53,54.99,863603
31-Jan-14,56.91,57.56,56.45,56.53,480368
30-Jan-14,56.89,57.67,56.59,57.56,602023
29-Jan-14,56.88,57.36,56.39,56.42,642564
28-Jan-14,57.11,57.36,56.76,56.83,464827
27-Jan-14,57.03,57.83,56.40,57.02,803172
24-Jan-14,57.83,57.98,56.87,56.99,416562
23-Jan-14,58.14,58.30,57.43,57.97,521044
22-Jan-14,58.70,58.80,57.83,58.28,516332
21-Jan-14,58.89,59.35,58.45,58.70,258717
17-Jan-14,58.97,59.17,58.52,58.70,351995
16-Jan-14,58.71,59.44,58.71,59.19,279197
15-Jan-14,58.79,59.21,58.40,58.78,374581
14-Jan-14,57.91,58.78,57.91,58.57,477303
13-Jan-14,57.12,59.57,56.87,57.99,1438426
10-Jan-14,56.41,56.94,56.15,56.86,582992
9-Jan-14,56.23,56.88,55.97,56.44,385996
8-Jan-14,56.30,57.12,55.81,56.02,895950
7-Jan-14,53.59,56.59,53.59,56.30,1690240
6-Jan-14,53.42,53.68,52.76,52.98,709207
3-Jan-14,53.11,53.84,53.11,53.46,390380
2-Jan-14,52.57,53.36,52.41,52.88,580526
